<?xml version="1.0" encoding="UTF-8" standalone="yes" ?>
<!--
  *  sensor.properties.xml
  *
  *  Copyright: 2009 Regents of the University of Hawaii and the
  *         School of Ocean and Earth Science and Technology 
  *
  *   '$Author: cjones $'
  *   '$Date: 2010-01-05 12:51:03 -0700 (Tue, 05 Jan 2010) $'
  *   '$Revision: 563 $'
-->
<!-- 
  The following DTD and XML structure represent a list of Advantech ADAM module
  sensors and their properties.  Each sensor has an IP address, name, description,
  type, and a series of ports on the KiloNalu underwater node it is monitoring.
  Each port is numbered, has a label associated with the measurement being taken,
  and states which ADAM module voltage channel represents the measurement.  The
  document currently represents the following table of underwater nodes:
  
  Central Node                      ADAM Monitor 1                                              ADAM Monitor 2
  Port 1          Ch. 0  currentImpendance    Ch. 4 temperature      Ch. 0  positiveGroundFault  Ch. 1   negativeGroundFault
  Port 2          Ch. 1  currentImpendance    Ch. 5 temperature      Ch. 2  positiveGroundFault  Ch. 3   negativeGroundFault
  Port 3          Ch. 2  currentImpendance    Ch. 6 temperature      Ch. 4  positiveGroundFault  Ch. 5   negativeGroundFault
  Port 4          Ch. 3  currentImpendance    Ch. 7 leak             Ch. 6  positiveGroundFault  Ch. 7   negativeGroundFault

  10m node                          ADAM Monitor 1                                              ADAM Monitor 2
  Port 1          Ch. 3  currentImpendance    Ch. 7 temperature      Ch. 6  positiveGroundFault  Ch. 7   negativeGroundFault
  Port 2          Ch. 1  currentImpendance    Ch. 5 leak             Ch. 2  positiveGroundFault  Ch. 3   negativeGroundFault
  Port 3          Ch. 2  currentImpendance    Ch. 6 temperature      Ch. 4  positiveGroundFault  Ch. 5   negativeGroundFault
  Port 4          Ch. 0  currentImpendance    Ch. 4 temperature      Ch. 0  positiveGroundFault  Ch. 1   negativeGroundFault

  20m node                          ADAM Monitor 1                                              ADAM Monitor 2
  Port 1          Ch. 3  currentImpendance    Ch. 7 temperature      Ch. 6  positiveGroundFault  Ch. 7   negativeGroundFault
  Port 2          Ch. 2  currentImpendance    Ch. 6 temperature      Ch. 4  positiveGroundFault  Ch. 5   negativeGroundFault
  Port 3          Ch. 1  currentImpendance    Ch. 5 leak             Ch. 2  positiveGroundFault  Ch. 3   negativeGroundFault
  Port 4          Ch. 0  currentImpendance    Ch. 4 temperature      Ch. 0  positiveGroundFault  Ch. 1   negativeGroundFault
  
-->
<!-- Definitions for the sensor list properties are as follows: -->
<!DOCTYPE sensors [
  <!-- The list of sensors -->
  <!ELEMENT sensors (sensor*)>
  <!-- An individual sensor with each property as an element -->
  <!ELEMENT sensor (address, name, description, cacheSize, archiveSize, archiveChannel, type, ports)>
  <!-- The IP address of the sensor -->
  <!ELEMENT address (#PCDATA)>
  <!-- The source name of the sensor -->
  <!ELEMENT name (#PCDATA)>
  <!-- The source description of the sensor -->
  <!ELEMENT description (#PCDATA)>
  <!-- The source's DataTurbine cache size in frames -->
  <!ELEMENT cacheSize (#PCDATA)>
  <!-- The source's DataTurbine archive size in frames -->
  <!ELEMENT archiveSize (#PCDATA)>
  <!-- The source's channel to be archived to file -->
  <!ELEMENT archiveChannel (#PCDATA)>
  <!-- The source type of the sensor (either monitor or control) -->
  <!ELEMENT type (#PCDATA)>
  <!-- The source ports being monitored -->
  <!ELEMENT ports (port+)>
  <!-- The individual source port being monitored and its measurement mappings -->
  <!ELEMENT port (measurement+)>
  <!ATTLIST port number (1|2|3|4) #REQUIRED>
  <!-- The individual measurement and its corresponding voltage channel -->
  <!ELEMENT measurement (voltageChannel)>
  <!ATTLIST measurement label  
    (temperature|currentImpedance|positiveGroundFault|negativeGroundFault|leak) #REQUIRED>
  <!-- The voltage channel -->
  <!ELEMENT voltageChannel (#PCDATA)>
]>
<sensors>
  <sensor>
    <address>192.168.100.208</address>
    <name>KN00XX_012ADAM012R01</name>
    <description>12m Central Node ADAM monitor 1</description>
    <cacheSize>50000</cacheSize>
    <archiveSize>31536000</archiveSize>
    <archiveChannel>DecimalASCIISampleData</archiveChannel>
    <type>monitor</type>
    <ports>
      <port number="1">
        <measurement label="currentImpedance">
          <voltageChannel>0</voltageChannel>
        </measurement>
        <measurement label="temperature">
          <voltageChannel>4</voltageChannel>
        </measurement>
      </port>
      <port number="2">
        <measurement label="currentImpedance">
          <voltageChannel>1</voltageChannel>
        </measurement>
        <measurement label="temperature">
          <voltageChannel>5</voltageChannel>
        </measurement>
      </port>
      <port number="3">
        <measurement label="currentImpedance">
          <voltageChannel>2</voltageChannel>
        </measurement>
        <measurement label="leak">
          <voltageChannel>6</voltageChannel>
        </measurement>
      </port>
      <port number="4">
        <measurement label="currentImpedance">
          <voltageChannel>3</voltageChannel>
        </measurement>
        <measurement label="temperature">
          <voltageChannel>7</voltageChannel>
        </measurement>
      </port>
    </ports>
  </sensor>
  <sensor>
    <address>192.168.100.209</address>
    <name>KN00XX_012ADAM012R02</name>
    <description>12m Central Node ADAM monitor 2</description>
    <cacheSize>50000</cacheSize>
    <archiveSize>31536000</archiveSize>
    <archiveChannel>DecimalASCIISampleData</archiveChannel>
    <type>monitor</type>
    <ports>
      <port number="1">
        <measurement label="positiveGroundFault">
          <voltageChannel>0</voltageChannel>
        </measurement>
        <measurement label="negativeGroundFault">
          <voltageChannel>1</voltageChannel>
        </measurement>
      </port>
      <port number="2">
        <measurement label="positiveGroundFault">
          <voltageChannel>2</voltageChannel>
        </measurement>
        <measurement label="negativeGroundFault">
          <voltageChannel>3</voltageChannel>
        </measurement>
      </port>
      <port number="3">
        <measurement label="positiveGroundFault">
          <voltageChannel>4</voltageChannel>
        </measurement>
        <measurement label="negativeGroundFault">
          <voltageChannel>5</voltageChannel>
        </measurement>
      </port>
      <port number="4">
        <measurement label="positiveGroundFault">
          <voltageChannel>6</voltageChannel>
        </measurement>
        <measurement label="negativeGroundFault">
          <voltageChannel>7</voltageChannel>
        </measurement>
      </port>
    </ports>
  </sensor>
  <sensor>
    <address>192.168.100.221</address>
    <name>KN0001_012ADAM012R01</name>
    <description>12m Sub Node ADAM monitor 1</description>
    <cacheSize>50000</cacheSize>
    <archiveSize>31536000</archiveSize>
    <archiveChannel>DecimalASCIISampleData</archiveChannel>
    <type>monitor</type>
    <ports>
      <port number="1">
        <measurement label="currentImpedance">
          <voltageChannel>3</voltageChannel>
        </measurement>
        <measurement label="temperature">
          <voltageChannel>7</voltageChannel>
        </measurement>
      </port>
      <port number="2">
        <measurement label="currentImpedance">
          <voltageChannel>2</voltageChannel>
        </measurement>
        <measurement label="temperature">
          <voltageChannel>6</voltageChannel>
        </measurement>
      </port>
      <port number="3">
        <measurement label="currentImpedance">
          <voltageChannel>1</voltageChannel>
        </measurement>
        <measurement label="leak">
          <voltageChannel>5</voltageChannel>
        </measurement>
      </port>
      <port number="4">
        <measurement label="currentImpedance">
          <voltageChannel>0</voltageChannel>
        </measurement>
        <measurement label="temperature">
          <voltageChannel>4</voltageChannel>
        </measurement>
      </port>
    </ports>
  </sensor>
  <sensor>
    <address>192.168.100.222</address>
    <name>KN0001_012ADAM012R02</name>
    <description>12m Sub Node ADAM monitor 2</description>
    <cacheSize>50000</cacheSize>
    <archiveSize>31536000</archiveSize>
    <archiveChannel>DecimalASCIISampleData</archiveChannel>
    <type>monitor</type>
    <ports>
      <port number="1">
        <measurement label="positiveGroundFault">
          <voltageChannel>6</voltageChannel>
        </measurement>
        <measurement label="negativeGroundFault">
          <voltageChannel>7</voltageChannel>
        </measurement>
      </port>
      <port number="2">
        <measurement label="positiveGroundFault">
          <voltageChannel>4</voltageChannel>
        </measurement>
        <measurement label="negativeGroundFault">
          <voltageChannel>5</voltageChannel>
        </measurement>
      </port>
      <port number="3">
        <measurement label="positiveGroundFault">
          <voltageChannel>2</voltageChannel>
        </measurement>
        <measurement label="negativeGroundFault">
          <voltageChannel>3</voltageChannel>
        </measurement>
      </port>
      <port number="4">
        <measurement label="positiveGroundFault">
          <voltageChannel>0</voltageChannel>
        </measurement>
        <measurement label="negativeGroundFault">
          <voltageChannel>1</voltageChannel>
        </measurement>
      </port>
    </ports>
  </sensor>
  <!--
  <sensor>
    <address>192.168.100.210</address>
    <name>KN00XX_010ADAM010R04</name>
    <description>12m CN Micronode Relay</description>
    <cacheSize>50000</cacheSize>
    <archiveSize>31536000</archiveSize>
    <archiveChannel>DecimalASCIISampleData</archiveChannel>
    <type>control</type>
    <ports>
      <port number="1">
        <measurement label="onOffState">
          <voltageChannel>0</voltageChannel>
        </measurement>
        <measurement label="onOffState">
          <voltageChannel>1</voltageChannel>
        </measurement>
        <measurement label="onOffState">
          <voltageChannel>2</voltageChannel>
        </measurement>
        <measurement label="onOffState">
          <voltageChannel>3</voltageChannel>
        </measurement>
        <measurement label="onOffState">
          <voltageChannel>4</voltageChannel>
        </measurement>
        <measurement label="onOffState">
          <voltageChannel>5</voltageChannel>
        </measurement>
        <measurement label="onOffState">
          <voltageChannel>6</voltageChannel>
        </measurement>
        <measurement label="onOffState">
          <voltageChannel>7</voltageChannel>
        </measurement>
      </port>
    </ports>
  </sensor>
  <sensor>
    <address>192.168.100.214</address>
    <name>KN01XX_010ADAM010R03</name>
    <description>12m SN Geochem Relay</description>
    <cacheSize>50000</cacheSize>
    <archiveSize>31536000</archiveSize>
    <archiveChannel>DecimalASCIISampleData</archiveChannel>
    <type>control</type>
    <ports>
      <port number="1">
        <measurement label="onOffState">
          <voltageChannel>0</voltageChannel>
        </measurement>
        <measurement label="onOffState">
          <voltageChannel>1</voltageChannel>
        </measurement>
        <measurement label="onOffState">
          <voltageChannel>2</voltageChannel>
        </measurement>
        <measurement label="onOffState">
          <voltageChannel>3</voltageChannel>
        </measurement>
        <measurement label="onOffState">
          <voltageChannel>4</voltageChannel>
        </measurement>
        <measurement label="onOffState">
          <voltageChannel>5</voltageChannel>
        </measurement>
        <measurement label="onOffState">
          <voltageChannel>6</voltageChannel>
        </measurement>
        <measurement label="onOffState">
          <voltageChannel>7</voltageChannel>
        </measurement>
      </port>
    </ports>
  </sensor>
  <sensor>
    <address>192.168.100.224</address>
    <name>KN01XX_010ADAM010R04</name>
    <description>12m SN Geochem Laser Relay</description>
    <cacheSize>50000</cacheSize>
    <archiveSize>31536000</archiveSize>
    <archiveChannel>DecimalASCIISampleData</archiveChannel>
    <type>control</type>
    <ports>
      <port number="1">
        <measurement label="onOffState">
          <voltageChannel>0</voltageChannel>
        </measurement>
        <measurement label="onOffState">
          <voltageChannel>1</voltageChannel>
        </measurement>
        <measurement label="onOffState">
          <voltageChannel>2</voltageChannel>
        </measurement>
        <measurement label="onOffState">
          <voltageChannel>3</voltageChannel>
        </measurement>
        <measurement label="onOffState">
          <voltageChannel>4</voltageChannel>
        </measurement>
        <measurement label="onOffState">
          <voltageChannel>5</voltageChannel>
        </measurement>
        <measurement label="onOffState">
          <voltageChannel>6</voltageChannel>
        </measurement>
        <measurement label="onOffState">
          <voltageChannel>7</voltageChannel>
        </measurement>
      </port>
    </ports>
  </sensor>
  -->
</sensors>