<?xml version="1.0" encoding="UTF-8"?>
<!DOCTYPE instrument SYSTEM "instrument.dtd">
<instrument>
    <!-- The instrument identifier -->
    <identifier>AW02XX_001CTDXXXXR00</identifier>
    <!-- The connection type: socket, file, or serial -->
    <connectionType>socket</connectionType>
    <!-- 
      Configure connection parameters based on connection type. If connection
      type is socket, add hostName and hostPort below. If file, add filePath
      below. If serial, add serialPortParams and sub elements below.
    -->
    <connectionParams> 
        <hostName>68.25.32.149</hostName>
        <hostPort>5111</hostPort>
    </connectionParams>
    <!-- The name of the instrument source as it appears in the DataTurbine -->
    <rbnbName>AW02XX_001CTDXXXXR00</rbnbName>
    <!-- The IP or host name of the DataTurbine server -->
    <rbnbServer>realtime.pacioos.hawaii.edu</rbnbServer>
    <!-- The port number of the DataTurbine server -->
    <rbnbPort>3333</rbnbPort>
    <!-- The number of in-memory bytes to request for this instrument source -->
    <archiveMemory>50000</archiveMemory>
    <!-- The number of on-disk bytes to request for this instrument source -->
    <archiveSize>31536000</archiveSize>
    <!-- The list of data channels to be created in the DataTurbine for this instrument source -->
    <channels>
        <!-- The default channel details. This will push ASCII data into the DataTurbine -->
        <channel default="true">
            <!-- The name of the channel -->
            <name>DecimalASCIISampleData</name>
            <!-- The channel's incoming data type -->
            <dataType>String</dataType>
            <!-- data archive example:
            # 25.0251,  5.16974, 0.3246, 0.1166,  33.9642, 21 Dec 2016 14:02:41
            # 25.0293,  5.15924, 0.3475, 0.1167,  33.8836, 21 Dec 2016 14:06:41
            # 25.0298,  5.16234, 0.3426, 0.1165,  33.9061, 21 Dec 2016 14:10:41
            # 25.0782,  5.17882, 0.3534, 0.1154,  33.9913, 21 Dec 2016 14:14:41
            # 25.0564,  5.14869, 0.3365, 0.1177,  33.7855, 21 Dec 2016 14:18:41
            # 25.0551,  5.13498, 0.3414, 0.1166,  33.6855, 21 Dec 2016 14:22:41
            # 25.0544,  5.11750, 0.3171, 0.1178,  33.5573, 21 Dec 2016 14:26:41
            # 25.0193,  5.09507, 0.2946, 0.1140,  33.4181, 21 Dec 2016 14:30:41
            # 25.0694,  5.15218, 0.2641, 0.1227,  33.8015, 21 Dec 2016 14:34:41
            # 25.0889,  5.14501, 0.3221, 0.1335,  33.7341, 21 Dec 2016 14:38:41
            -->
            <!-- example DT sample:
            curl -s -o - http://realtime.pacioos.hawaii.edu:8080/RBNB/AW02XX_001CTDXXXXR00/DecimalASCIISampleData | od -ax
            0000000   #  sp   2   4   .   8   8   0   4   ,  sp  sp   5   .   1   7
                    2023 3432 382e 3038 2c34 2020 2e35 3731
            0000020   5   7   9   ,  sp   0   .   1   9   0   3   ,  sp   0   .   1
                    3735 2c39 3020 312e 3039 2c33 3020 312e
            0000040   1   7   7   ,  sp  sp   3   4   .   1   1   8   1   ,  sp   2
                    3731 2c37 2020 3433 312e 3831 2c31 3220
            0000060   2  sp   D   e   c  sp   2   0   1   6  sp   0   9   :   1   4
                    2032 6544 2063 3032 3631 3020 3a39 3431
            0000100   :   4   1  cr  nl nul
                    343a 0d31 000a
            0000105
            -->
            <!-- 
              The regular expression used to match a data sample.
              Best to keep the data pattern on one line below 
            -->
            <dataPattern># \S*, *\S*, *\S*, *\S*, *\S*, *\d{2} \S{3} \d{4} \d{2}:\d{2}:\d{2}\s*</dataPattern>
            <!--
                dataPrefix: A string of characters that prefix the data in a sample (e.g. '#')
            -->
            <dataPrefix>#</dataPrefix>

            <!--
                columnTypes: A list of column types for each variable in the sample. Use STRING
                for all column types except:
                - date-only columns: use LOCAL_DATE
                - time-only columns: use LOCAL_TIME
                - date-time columns: use LOCAL_DATE_TIME
            -->
            <columnTypes>
                <columnType>STRING</columnType>
                <columnType>STRING</columnType>
                <columnType>STRING</columnType>
                <columnType>STRING</columnType>
                <columnType>STRING</columnType>
                <columnType>LOCAL_DATE_TIME</columnType>
            </columnTypes>
            <!--
              The character that delimits variables within the sample
              Use Hex notation for non-printing, whitespace characters (like space)
            -->
            <fieldDelimiter>,</fieldDelimiter>
            <!-- 
              The character(s) that delimit records (samples) in a stream or file
              Use Hex notation for non-printing characters, separate characters with a pipe
            -->
            <recordDelimiters>0x0D|0x0A</recordDelimiters>
            <!--
              missingValueCode: A code indicating that a value is missing in the sample (NaN, -999, etc.)
            -->
            <missingValueCode>-999</missingValueCode>
            <!--
              The list of date formats for each sample date component in a separtate variable
              One or more date formats are required, reflecting the date/time variables in the data
              Note: dateFormat and dateField are used together to locate, then parse the sample date
              -->
            <dateFormats>
                <dateFormat>dd MMM yyyy HH:mm:ss</dateFormat> 
            </dateFormats>
            <!-- 
              The list of date fields for each sample date component in a separtate variable
              One or more date fields are required, corresponding to the date/time variable positions in the data 
            -->        
            <dateFields>
              <dateField>6</dateField>
            </dateFields>
            <!-- The time zone identifier that the data were collected in -->
            <timeZone>Pacific/Honolulu</timeZone>
            <!-- The list of data archivers used to write data to disk -->
            <archivers>
                <!-- Write the raw data to /data/raw -->
                <archiver>
                    <archiveType>raw</archiveType>
                    <archiveInterval>hourly</archiveInterval>
                    <archiveBaseDirectory>/data/raw/pacioos</archiveBaseDirectory>
                </archiver>
                <!-- Write the PacIOOS 2020 formatted data to /data/processed -->
                <archiver>
                    <archiveType>pacioos-2020-format</archiveType>
                    <archiveInterval>daily</archiveInterval>
                    <archiveBaseDirectory>/data/processed/pacioos</archiveBaseDirectory>
                </archiver>
            </archivers>
        </channel>
    </channels>
</instrument>